PDB_ID	CHAIN_ID	RES	PHI	PSI	TYPE
6m0j	A	THR	-66.005500	171.177464	General
6m0j	A	ILE	-71.051583	-37.182056	General
6m0j	A	GLU	-64.552136	-43.667379	General
6m0j	A	GLU	-62.352025	-33.331321	General
6m0j	A	GLN	-72.582865	-39.878356	General
6m0j	A	ALA	-60.504906	-41.491860	General
6m0j	A	LYS	-57.483832	-42.818932	General
6m0j	A	THR	-71.428254	-36.777882	General
6m0j	A	PHE	-61.325759	-48.018357	General
6m0j	A	LEU	-63.517703	-37.135298	General
6m0j	A	ASP	-56.980091	-42.380272	General
6m0j	A	LYS	-70.156418	-44.030474	General
6m0j	A	PHE	-57.550923	-50.165773	General
6m0j	A	ASN	-51.713811	-45.283506	General
6m0j	A	HIS	-73.822036	-40.997975	General
6m0j	A	GLU	-65.103350	-43.271551	General
6m0j	A	ALA	-63.165418	-42.797304	General
6m0j	A	GLU	-53.793059	-44.763050	General
6m0j	A	ASP	-75.411264	-42.953101	General
6m0j	A	LEU	-65.406567	-40.070790	General
6m0j	A	PHE	-64.203832	-35.949916	General
6m0j	A	TYR	-66.613374	-42.931430	General
6m0j	A	GLN	-62.179707	-47.243110	General
6m0j	A	SER	-54.933592	-54.235498	General
6m0j	A	SER	-56.482796	-39.798079	General
6m0j	A	LEU	-65.248862	-43.385289	General
6m0j	A	ALA	-68.287470	-38.676479	General
6m0j	A	SER	-63.355044	-35.424440	General
6m0j	A	TRP	-65.227789	-43.485286	General
6m0j	A	ASN	-68.745465	-31.433890	General
6m0j	A	TYR	-66.944221	-44.583116	General
6m0j	A	ASN	-76.806529	-13.931729	General
6m0j	A	THR	-106.806071	4.321107	General
6m0j	A	ASN	-168.490386	81.635895	General
6m0j	A	ILE	-76.748893	105.043523	General
6m0j	A	THR	-136.606511	159.592878	General
6m0j	A	GLU	-65.861809	-40.472580	General
6m0j	A	GLU	-58.733232	-33.395235	General
6m0j	A	ASN	-79.862289	-34.403851	General
6m0j	A	VAL	-53.822515	-38.775279	General
6m0j	A	GLN	-68.037692	-56.823896	General
6m0j	A	ASN	-54.996087	-37.085667	General
6m0j	A	MET	-66.154861	-40.213192	General
6m0j	A	ASN	-70.331858	-41.041990	General
6m0j	A	ASN	-65.009990	-49.612871	General
6m0j	A	ALA	-64.784348	-33.676379	General
6m0j	A	GLY	-69.713785	-35.780282	Glycine
6m0j	A	ASP	-63.947686	-47.342851	General
6m0j	A	LYS	-53.206194	-45.177137	General
6m0j	A	TRP	-66.891360	-43.051152	General
6m0j	A	SER	-61.439797	-42.546577	General
6m0j	A	ALA	-64.519015	-43.400038	General
6m0j	A	PHE	-55.161180	-40.352494	General
6m0j	A	LEU	-71.872960	-43.722285	General
6m0j	A	LYS	-58.948247	-45.219019	General
6m0j	A	GLU	-62.252869	-42.617520	General
6m0j	A	GLN	-72.955133	-27.079586	General
6m0j	A	SER	-67.468728	-50.288530	General
6m0j	A	THR	-50.626252	-52.435266	General
6m0j	A	LEU	-58.517436	-41.288078	General
6m0j	A	ALA	-66.024639	-28.354171	General
6m0j	A	GLN	-69.534039	-9.408298	General
6m0j	A	MET	-85.566910	3.847546	General
6m0j	A	TYR	-115.934103	115.495579	Pre-Pro
6m0j	A	PRO	-77.383609	128.091686	Proline
6m0j	A	LEU	-57.457395	-30.442790	General
6m0j	A	GLN	-50.740589	-25.632322	General
6m0j	A	GLU	-113.124476	28.844324	General
6m0j	A	ILE	-122.800702	125.174647	General
6m0j	A	GLN	-100.743856	-41.406386	General
6m0j	A	ASN	-60.602048	119.199034	General
6m0j	A	LEU	-74.635114	-38.358865	General
6m0j	A	THR	-68.167773	-32.672719	General
6m0j	A	VAL	-60.972500	-42.174920	General
6m0j	A	LYS	-64.253111	-41.128151	General
6m0j	A	LEU	-60.521082	-45.151616	General
6m0j	A	GLN	-67.952194	-48.424447	General
6m0j	A	LEU	-56.488725	-42.735619	General
6m0j	A	GLN	-65.653894	-41.174600	General
6m0j	A	ALA	-59.247224	-42.285761	General
6m0j	A	LEU	-74.861740	-26.922308	General
6m0j	A	GLN	-76.875077	-27.966191	General
6m0j	A	GLN	-55.936753	93.905838	General
6m0j	A	ASN	-63.655098	-29.817474	General
6m0j	A	GLY	67.261341	-115.254969	Glycine
6m0j	A	SER	-67.181773	-34.151786	General
6m0j	A	SER	-65.303985	4.765825	General
6m0j	A	VAL	-86.491109	-18.110613	General
6m0j	A	LEU	-76.923414	154.966034	General
6m0j	A	SER	-52.838091	154.831625	General
6m0j	A	GLU	-58.332852	-38.552351	General
6m0j	A	ASP	-64.873886	-43.409175	General
6m0j	A	LYS	-67.179981	-38.306401	General
6m0j	A	SER	-61.340319	-47.382194	General
6m0j	A	LYS	-63.102616	-43.928211	General
6m0j	A	ARG	-55.049249	-46.162471	General
6m0j	A	LEU	-63.470457	-47.026992	General
6m0j	A	ASN	-64.230039	-32.517442	General
6m0j	A	THR	-65.884779	-47.225634	General
6m0j	A	ILE	-57.087239	-48.168315	General
6m0j	A	LEU	-56.455979	-46.459794	General
6m0j	A	ASN	-61.234290	-44.233001	General
6m0j	A	THR	-65.699221	-47.730562	General
6m0j	A	MET	-57.322486	-37.098092	General
6m0j	A	SER	-67.447518	-44.927506	General
6m0j	A	THR	-76.223650	-27.228976	General
6m0j	A	ILE	-60.468095	-41.195194	General
6m0j	A	TYR	-68.880170	-47.024707	General
6m0j	A	SER	-78.509332	-23.604652	General
6m0j	A	THR	-107.699151	0.473113	General
6m0j	A	GLY	-66.885888	140.360622	Glycine
6m0j	A	LYS	-144.020241	150.461213	General
6m0j	A	VAL	-123.409777	141.339664	General
6m0j	A	CYS	-113.112724	143.452561	General
6m0j	A	ASN	-68.625873	145.774539	Pre-Pro
6m0j	A	PRO	-67.932398	11.091415	Proline
6m0j	A	ASP	-116.620736	-24.083593	General
6m0j	A	ASN	-137.355669	95.896393	Pre-Pro
6m0j	A	PRO	-63.560086	-5.260162	Proline
6m0j	A	GLN	-108.119533	-12.966247	General
6m0j	A	GLU	-96.872615	107.704475	General
6m0j	A	CYS	-123.797945	160.734057	General
6m0j	A	LEU	-124.457655	141.142666	General
6m0j	A	LEU	-89.149730	170.888581	General
6m0j	A	LEU	-57.704813	-54.179371	General
6m0j	A	GLU	-115.992155	117.482592	Pre-Pro
6m0j	A	PRO	-87.528329	-16.022668	Proline
6m0j	A	GLY	-62.155417	-62.340168	Glycine
6m0j	A	LEU	-69.255683	-37.325384	General
6m0j	A	ASN	-57.828544	-38.631066	General
6m0j	A	GLU	-65.659717	-38.861488	General
6m0j	A	ILE	-62.327432	-51.162486	General
6m0j	A	MET	-70.362583	-17.756041	General
6m0j	A	ALA	-98.218515	-20.600321	General
6m0j	A	ASN	-123.612111	-26.623502	General
6m0j	A	SER	-74.141563	137.788347	General
6m0j	A	LEU	-99.187572	-4.228449	General
6m0j	A	ASP	-82.441126	117.556163	General
6m0j	A	TYR	-54.102262	-44.877407	General
6m0j	A	ASN	-77.538880	-33.367076	General
6m0j	A	GLU	-61.175531	-49.466441	General
6m0j	A	ARG	-57.608160	-42.689541	General
6m0j	A	LEU	-62.198392	-43.582590	General
6m0j	A	TRP	-61.706713	-45.234442	General
6m0j	A	ALA	-62.070485	-49.892815	General
6m0j	A	TRP	-56.395293	-52.964718	General
6m0j	A	GLU	-69.751797	-43.958098	General
6m0j	A	SER	-74.260450	-26.465079	General
6m0j	A	TRP	-59.921980	-46.267663	General
6m0j	A	ARG	-73.952372	-28.621171	General
6m0j	A	SER	-90.198910	-26.623107	General
6m0j	A	GLU	-86.493499	-44.314349	General
6m0j	A	VAL	-101.230668	-39.907774	General
6m0j	A	GLY	-61.378281	-42.125764	Glycine
6m0j	A	LYS	-61.521055	-38.412738	General
6m0j	A	GLN	-60.997996	-34.304640	General
6m0j	A	LEU	-77.809510	-16.879302	General
6m0j	A	ARG	-59.315218	-56.535135	Pre-Pro
6m0j	A	PRO	-61.370775	-40.770078	Proline
6m0j	A	LEU	-58.263133	-46.027506	General
6m0j	A	TYR	-62.787067	-35.796702	General
6m0j	A	GLU	-61.007410	-42.051766	General
6m0j	A	GLU	-77.675404	-29.843390	General
6m0j	A	TYR	-58.146263	-46.300010	General
6m0j	A	VAL	-60.424761	-44.514378	General
6m0j	A	VAL	-60.406504	-47.628810	General
6m0j	A	LEU	-71.334793	-42.626856	General
6m0j	A	LYS	-59.991350	-37.828335	General
6m0j	A	ASN	-66.612716	-42.054590	General
6m0j	A	GLU	-57.966296	-45.123785	General
6m0j	A	MET	-58.125947	-46.232893	General
6m0j	A	ALA	-70.386515	-45.155653	General
6m0j	A	ARG	-63.165847	-38.851045	General
6m0j	A	ALA	-60.859060	-30.383734	General
6m0j	A	ASN	-88.124233	17.048889	General
6m0j	A	HIS	65.966880	31.888414	General
6m0j	A	TYR	-98.295592	161.413391	General
6m0j	A	GLU	-80.681106	-23.657135	General
6m0j	A	ASP	-170.486412	-177.479524	General
6m0j	A	TYR	-72.157913	-29.470063	General
6m0j	A	GLY	-65.444181	-45.953641	Glycine
6m0j	A	ASP	-55.737714	-41.043459	General
6m0j	A	TYR	-54.770900	-49.636039	General
6m0j	A	TRP	-60.765559	-44.682930	General
6m0j	A	ARG	-61.450501	-12.414099	General
6m0j	A	GLY	-55.752772	-26.181705	Glycine
6m0j	A	ASP	-56.223355	-26.630039	General
6m0j	A	TYR	-97.017619	-5.070053	General
6m0j	A	GLU	-66.060073	136.938147	General
6m0j	A	VAL	-134.120345	129.396906	General
6m0j	A	ASN	-127.067478	147.733562	General
6m0j	A	GLY	68.133120	32.041100	Glycine
6m0j	A	VAL	-134.826986	101.285638	General
6m0j	A	ASP	-55.540265	132.247808	General
6m0j	A	GLY	77.236166	7.762333	Glycine
6m0j	A	TYR	-139.815871	4.153692	General
6m0j	A	ASP	-65.645731	162.348648	General
6m0j	A	TYR	-159.895581	124.332812	General
6m0j	A	SER	-92.514407	161.907862	General
6m0j	A	ARG	-68.079963	-35.172499	General
6m0j	A	GLY	-72.769085	-24.712679	Glycine
6m0j	A	GLN	-62.876874	-29.249884	General
6m0j	A	LEU	-64.000107	-39.653570	General
6m0j	A	ILE	-56.655115	-43.262158	General
6m0j	A	GLU	-73.729354	-39.700174	General
6m0j	A	ASP	-71.578506	-33.884811	General
6m0j	A	VAL	-65.215487	-45.134896	General
6m0j	A	GLU	-66.131952	-42.134894	General
6m0j	A	HIS	-66.619973	-45.561771	General
6m0j	A	THR	-66.807391	-29.701377	General
6m0j	A	PHE	-69.196398	-37.738779	General
6m0j	A	GLU	-54.808710	-39.270925	General
6m0j	A	GLU	-74.742083	-17.037031	General
6m0j	A	ILE	-83.501231	-27.964525	General
6m0j	A	LYS	-49.771222	-40.857210	Pre-Pro
6m0j	A	PRO	-70.519708	-42.192979	Proline
6m0j	A	LEU	-54.056972	-45.520359	General
6m0j	A	TYR	-69.068404	-43.493094	General
6m0j	A	GLU	-56.170375	-41.346924	General
6m0j	A	HIS	-72.773698	-40.615537	General
6m0j	A	LEU	-57.352255	-48.774658	General
6m0j	A	HIS	-56.807082	-46.412498	General
6m0j	A	ALA	-66.659294	-39.240939	General
6m0j	A	TYR	-63.529549	-44.269095	General
6m0j	A	VAL	-65.969260	-40.929793	General
6m0j	A	ARG	-59.818712	-42.985665	General
6m0j	A	ALA	-64.858740	-43.351504	General
6m0j	A	LYS	-62.485915	-44.853444	General
6m0j	A	LEU	-67.208225	-33.014068	General
6m0j	A	MET	-64.387286	-37.950621	General
6m0j	A	ASN	-59.586438	-34.529090	General
6m0j	A	ALA	-88.435504	-26.096695	General
6m0j	A	TYR	-129.938452	62.315138	Pre-Pro
6m0j	A	PRO	-60.533973	-28.514589	Proline
6m0j	A	SER	-92.770159	2.348635	General
6m0j	A	TYR	-116.420585	-7.540157	General
6m0j	A	ILE	-131.652182	125.123210	General
6m0j	A	SER	-77.082795	142.314874	Pre-Pro
6m0j	A	PRO	-68.652792	-13.427113	Proline
6m0j	A	ILE	-120.016759	2.342168	General
6m0j	A	GLY	-97.776157	177.643234	Glycine
6m0j	A	CYS	-72.713783	161.303581	General
6m0j	A	LEU	-77.508748	132.297710	Pre-Pro
6m0j	A	PRO	-60.386257	131.649402	Proline
6m0j	A	ALA	-61.245766	-29.598759	General
6m0j	A	HIS	-82.703847	3.447908	General
6m0j	A	LEU	-111.669522	35.284219	General
6m0j	A	LEU	-115.162306	1.418626	General
6m0j	A	GLY	99.529388	-8.543011	Glycine
6m0j	A	ASP	-153.226089	-173.624934	General
6m0j	A	MET	-68.864714	-17.190948	General
6m0j	A	TRP	-128.275895	-8.142391	General
6m0j	A	GLY	66.851155	27.252053	Glycine
6m0j	A	ARG	-60.093853	-42.582558	General
6m0j	A	PHE	-129.223619	147.608365	General
6m0j	A	TRP	-97.380988	12.172295	General
6m0j	A	THR	-41.892344	-45.845043	General
6m0j	A	ASN	-81.660347	1.502848	General
6m0j	A	LEU	-79.864968	-0.167930	General
6m0j	A	TYR	-63.990394	-42.283823	General
6m0j	A	SER	-60.952374	-35.714031	General
6m0j	A	LEU	-84.468785	-12.266824	General
6m0j	A	THR	-120.636918	-2.302289	General
6m0j	A	VAL	-52.327430	126.188390	Pre-Pro
6m0j	A	PRO	-62.156771	-62.078500	Proline
6m0j	A	PHE	-106.631191	86.081807	General
6m0j	A	GLY	-72.454868	0.462629	Glycine
6m0j	A	GLN	-118.214474	-0.500461	General
6m0j	A	LYS	-75.361640	137.545792	Pre-Pro
6m0j	A	PRO	-66.746519	137.491542	Proline
6m0j	A	ASN	-86.809115	141.216449	General
6m0j	A	ILE	-72.460456	116.660726	General
6m0j	A	ASP	-142.255237	108.558308	General
6m0j	A	VAL	-87.831086	10.426784	General
6m0j	A	THR	-57.548199	-52.100210	General
6m0j	A	ASP	-53.945624	-43.153788	General
6m0j	A	ALA	-64.812833	-35.286808	General
6m0j	A	MET	-64.721306	-41.224573	General
6m0j	A	VAL	-69.764604	-39.339721	General
6m0j	A	ASP	-56.441889	-46.648351	General
6m0j	A	GLN	-84.101113	9.871738	General
6m0j	A	ALA	56.599433	39.752973	General
6m0j	A	TRP	-61.956421	152.038187	General
6m0j	A	ASP	-130.840088	-179.378815	General
6m0j	A	ALA	-56.267194	-42.434542	General
6m0j	A	GLN	-55.401855	-48.542563	General
6m0j	A	ARG	-59.465615	-43.610380	General
6m0j	A	ILE	-54.517189	-50.870666	General
6m0j	A	PHE	-72.579575	-29.011600	General
6m0j	A	LYS	-64.397555	-39.630563	General
6m0j	A	GLU	-62.288402	-43.543720	General
6m0j	A	ALA	-64.877499	-43.117751	General
6m0j	A	GLU	-53.706316	-48.473117	General
6m0j	A	LYS	-56.265612	-41.044814	General
6m0j	A	PHE	-55.717435	-51.874481	General
6m0j	A	PHE	-68.305896	-36.568862	General
6m0j	A	VAL	-63.048533	-32.016763	General
6m0j	A	SER	-64.559892	-21.862504	General
6m0j	A	VAL	-104.209607	9.637409	General
6m0j	A	GLY	104.311066	8.666175	Glycine
6m0j	A	LEU	-99.856536	153.123601	Pre-Pro
6m0j	A	PRO	-65.233186	158.038374	Proline
6m0j	A	ASN	-72.369700	175.606679	General
6m0j	A	MET	-70.721999	151.236977	General
6m0j	A	THR	-66.832055	161.629266	General
6m0j	A	GLN	-63.675936	-36.210195	General
6m0j	A	GLY	-62.027641	-37.893089	Glycine
6m0j	A	PHE	-52.605361	-51.591430	General
6m0j	A	TRP	-67.423072	-32.191217	General
6m0j	A	GLU	-77.337350	-38.151359	General
6m0j	A	ASN	-106.555553	-15.578881	General
6m0j	A	SER	-66.833803	158.662606	General
6m0j	A	MET	-113.746861	107.298681	General
6m0j	A	LEU	-108.041013	-8.395324	General
6m0j	A	THR	-129.673357	154.979626	General
6m0j	A	ASP	-52.567302	121.635366	Pre-Pro
6m0j	A	PRO	-72.961314	38.244888	Proline
6m0j	A	GLY	75.300284	-171.606995	Glycine
6m0j	A	ASN	-101.123293	-20.148391	General
6m0j	A	VAL	-58.708007	-60.686520	General
6m0j	A	GLN	-90.049983	137.223123	General
6m0j	A	LYS	-98.333479	143.959244	General
6m0j	A	ALA	-132.882376	156.223465	General
6m0j	A	VAL	-90.231220	102.172150	General
6m0j	A	CYS	-86.582379	4.628950	General
6m0j	A	HIS	-63.411851	127.597461	Pre-Pro
6m0j	A	PRO	-68.766869	127.902127	Proline
6m0j	A	THR	-141.939079	141.653119	General
6m0j	A	ALA	-99.479549	122.127356	General
6m0j	A	TRP	-104.322657	125.573322	General
6m0j	A	ASP	-112.398263	95.746175	General
6m0j	A	LEU	-82.697231	-15.120666	General
6m0j	A	GLY	93.037846	169.423504	Glycine
6m0j	A	LYS	56.526724	38.443434	General
6m0j	A	GLY	67.977431	17.305319	Glycine
6m0j	A	ASP	-102.880745	106.268566	General
6m0j	A	PHE	-117.967605	137.773347	General
6m0j	A	ARG	-144.438881	149.492263	General
6m0j	A	ILE	-112.541794	137.735151	General
6m0j	A	LEU	-115.690203	118.726862	General
6m0j	A	MET	-160.728996	129.135581	General
6m0j	A	CYS	-84.497380	78.008138	General
6m0j	A	THR	-70.314158	132.663694	General
6m0j	A	LYS	-105.414350	162.546265	General
6m0j	A	VAL	-88.329650	73.859846	General
6m0j	A	THR	-136.722405	162.366850	General
6m0j	A	MET	-66.264752	-41.277938	General
6m0j	A	ASP	-51.016413	-54.827028	General
6m0j	A	ASP	-69.328413	-27.153876	General
6m0j	A	PHE	-62.172429	-41.846026	General
6m0j	A	LEU	-71.675304	-39.654373	General
6m0j	A	THR	-58.817022	-36.884077	General
6m0j	A	ALA	-64.491228	-38.818021	General
6m0j	A	HIS	-64.946064	-39.810296	General
6m0j	A	HIS	-60.452220	-51.727127	General
6m0j	A	GLU	-67.535688	-38.822922	General
6m0j	A	MET	-67.070503	-25.441084	General
6m0j	A	GLY	-62.938260	-42.569796	Glycine
6m0j	A	HIS	-51.563466	-51.375839	General
6m0j	A	ILE	-58.326590	-42.794083	General
6m0j	A	GLN	-62.306744	-39.572505	General
6m0j	A	TYR	-62.563691	-44.860273	General
6m0j	A	ASP	-61.722900	-44.672279	General
6m0j	A	MET	-62.952561	-35.527782	General
6m0j	A	ALA	-71.607208	-30.119247	General
6m0j	A	TYR	-104.999671	15.418466	General
6m0j	A	ALA	-63.052453	-28.317824	General
6m0j	A	ALA	-77.627848	-9.334227	General
6m0j	A	GLN	-67.813975	154.679955	Pre-Pro
6m0j	A	PRO	-57.852239	155.517116	Proline
6m0j	A	PHE	-48.128278	-47.889522	General
6m0j	A	LEU	-73.447156	-16.209527	General
6m0j	A	LEU	-99.686326	10.632271	General
6m0j	A	ARG	-84.590594	78.422158	General
6m0j	A	ASN	-163.537924	171.588692	General
6m0j	A	GLY	-64.748031	156.576690	Glycine
6m0j	A	ALA	-62.467898	-37.662094	General
6m0j	A	ASN	-144.522032	-175.289317	General
6m0j	A	GLU	-57.554575	-25.166702	General
6m0j	A	GLY	-85.819350	-7.929549	Glycine
6m0j	A	PHE	-78.782777	-45.029727	General
6m0j	A	HIS	-58.088638	-47.859090	General
6m0j	A	GLU	-68.976602	-37.677032	General
6m0j	A	ALA	-57.074529	-42.526291	General
6m0j	A	VAL	-64.518006	-42.775098	General
6m0j	A	GLY	-64.485194	-39.329762	Glycine
6m0j	A	GLU	-66.231277	-41.859273	General
6m0j	A	ILE	-62.933406	-26.908464	General
6m0j	A	MET	-67.033067	-35.074831	General
6m0j	A	SER	-74.270124	-34.532766	General
6m0j	A	LEU	-49.048334	-58.351602	General
6m0j	A	SER	-62.615228	-44.239108	General
6m0j	A	ALA	-67.860726	-23.270888	General
6m0j	A	ALA	-91.331229	-17.033133	General
6m0j	A	THR	-58.237331	150.067705	Pre-Pro
6m0j	A	PRO	-55.812523	-39.463412	Proline
6m0j	A	LYS	-51.034936	-50.210989	General
6m0j	A	HIS	-70.536989	-41.316133	General
6m0j	A	LEU	-65.668302	-34.613026	General
6m0j	A	LYS	-66.090078	-43.268938	General
6m0j	A	SER	-56.966970	-37.485746	General
6m0j	A	ILE	-96.765522	8.384592	General
6m0j	A	GLY	76.956787	21.778290	Glycine
6m0j	A	LEU	-99.845601	-17.428559	General
6m0j	A	LEU	-120.632110	129.730490	General
6m0j	A	SER	-61.980069	141.979200	Pre-Pro
6m0j	A	PRO	-60.552279	-27.733172	Proline
6m0j	A	ASP	-73.018750	12.494820	General
6m0j	A	PHE	-77.643101	135.195365	General
6m0j	A	GLN	-106.369916	103.314029	General
6m0j	A	GLU	-76.345885	142.659678	General
6m0j	A	ASP	-152.057567	176.098949	General
6m0j	A	ASN	-38.628792	-55.202580	General
6m0j	A	GLU	-71.972174	-45.011695	General
6m0j	A	THR	-64.652288	-27.508798	General
6m0j	A	GLU	-77.016586	-38.917529	General
6m0j	A	ILE	-63.328244	-40.571154	General
6m0j	A	ASN	-55.147282	-49.277376	General
6m0j	A	PHE	-63.854748	-47.046984	General
6m0j	A	LEU	-63.242448	-35.404092	General
6m0j	A	LEU	-68.009493	-43.593502	General
6m0j	A	LYS	-58.608550	-45.017881	General
6m0j	A	GLN	-57.081882	-45.531208	General
6m0j	A	ALA	-69.007162	-36.766607	General
6m0j	A	LEU	-53.638745	-40.846625	General
6m0j	A	THR	-83.251656	-53.600784	General
6m0j	A	ILE	-78.335969	-54.608539	General
6m0j	A	VAL	-71.476769	-40.334831	General
6m0j	A	GLY	-56.220181	-32.218982	Glycine
6m0j	A	THR	-82.178782	-13.264098	General
6m0j	A	LEU	-68.646473	-48.201030	Pre-Pro
6m0j	A	PRO	-65.735688	-36.916598	Proline
6m0j	A	PHE	-55.910864	-48.077709	General
6m0j	A	THR	-70.161871	-47.281177	General
6m0j	A	TYR	-57.912818	-48.532147	General
6m0j	A	MET	-61.586920	-44.987531	General
6m0j	A	LEU	-60.666813	-44.261990	General
6m0j	A	GLU	-71.886971	-36.654030	General
6m0j	A	LYS	-56.976006	-44.769375	General
6m0j	A	TRP	-60.993245	-44.751885	General
6m0j	A	ARG	-63.147162	-44.756580	General
6m0j	A	TRP	-57.472389	-36.665847	General
6m0j	A	MET	-77.781241	-36.119316	General
6m0j	A	VAL	-60.349555	-49.872035	General
6m0j	A	PHE	-62.628048	-36.077884	General
6m0j	A	LYS	-72.805805	-10.953546	General
6m0j	A	GLY	83.330866	8.074975	Glycine
6m0j	A	GLU	-80.747171	-4.248416	General
6m0j	A	ILE	-127.235491	106.009417	Pre-Pro
6m0j	A	PRO	-54.825067	153.071461	Proline
6m0j	A	LYS	-57.281963	-38.837997	General
6m0j	A	ASP	-77.109734	2.733322	General
6m0j	A	GLN	-123.529822	16.254240	General
6m0j	A	TRP	-55.449666	-55.878026	General
6m0j	A	MET	-73.830907	-36.168099	General
6m0j	A	LYS	-55.223940	-44.310727	General
6m0j	A	LYS	-72.877208	-36.248367	General
6m0j	A	TRP	-56.233445	-48.019133	General
6m0j	A	TRP	-78.735806	-25.404008	General
6m0j	A	GLU	-65.703994	-39.867040	General
6m0j	A	MET	-73.880904	-34.307539	General
6m0j	A	LYS	-58.124288	-50.283653	General
6m0j	A	ARG	-64.650490	-46.518809	General
6m0j	A	GLU	-70.341236	-53.355270	General
6m0j	A	ILE	-85.123649	-43.482436	General
6m0j	A	VAL	-97.377798	-17.872200	General
6m0j	A	GLY	70.093625	30.798768	Glycine
6m0j	A	VAL	-124.435068	137.367722	General
6m0j	A	VAL	-124.062241	139.126930	General
6m0j	A	GLU	-69.591377	138.128610	Pre-Pro
6m0j	A	PRO	-82.568872	-4.117120	Proline
6m0j	A	VAL	-144.436478	133.686675	Pre-Pro
6m0j	A	PRO	-68.752841	140.262443	Proline
6m0j	A	HIS	-124.141786	119.849578	General
6m0j	A	ASP	-82.463702	-167.410594	General
6m0j	A	GLU	-85.864167	17.135073	General
6m0j	A	THR	-86.548182	-16.325220	General
6m0j	A	TYR	-82.868313	159.603903	General
6m0j	A	CYS	-140.336340	66.945837	General
6m0j	A	ASP	-60.966468	-36.011650	Pre-Pro
6m0j	A	PRO	-47.857953	-44.666384	Proline
6m0j	A	ALA	-73.383575	-14.126840	General
6m0j	A	SER	-72.584091	-1.677615	General
6m0j	A	LEU	-102.494741	137.744053	General
6m0j	A	PHE	-46.081979	-52.526637	General
6m0j	A	HIS	-62.134597	-29.812093	General
6m0j	A	VAL	-78.246386	-50.371557	General
6m0j	A	SER	-72.962690	-18.905097	General
6m0j	A	ASN	-102.258266	16.313801	General
6m0j	A	ASP	60.469561	53.063879	General
6m0j	A	TYR	-120.535949	141.079197	General
6m0j	A	SER	-74.933049	151.444078	General
6m0j	A	PHE	-115.387115	-23.747566	General
6m0j	A	ILE	-60.224902	-20.532476	General
6m0j	A	ARG	-51.595752	-29.764417	General
6m0j	A	TYR	-78.386587	-28.523560	General
6m0j	A	TYR	-68.275341	-58.503239	General
6m0j	A	THR	-58.354372	-42.890113	General
6m0j	A	ARG	-56.561167	-41.627160	General
6m0j	A	THR	-64.503985	-43.537355	General
6m0j	A	LEU	-64.215294	-46.807263	General
6m0j	A	TYR	-53.457576	-44.165183	General
6m0j	A	GLN	-63.610837	-35.601246	General
6m0j	A	PHE	-78.737661	-30.117885	General
6m0j	A	GLN	-59.050428	-50.740815	General
6m0j	A	PHE	-56.267491	-55.619828	General
6m0j	A	GLN	-58.309024	-39.020280	General
6m0j	A	GLU	-63.974097	-51.039402	General
6m0j	A	ALA	-56.444265	-49.885914	General
6m0j	A	LEU	-65.900304	-32.883605	General
6m0j	A	CYS	-74.423984	-30.916757	General
6m0j	A	GLN	-62.427758	-53.076847	General
6m0j	A	ALA	-56.800371	-23.319073	General
6m0j	A	ALA	-90.224798	0.338825	General
6m0j	A	LYS	63.198494	39.613693	General
6m0j	A	HIS	-77.448560	133.236379	General
6m0j	A	GLU	-108.968368	132.231336	General
6m0j	A	GLY	115.514732	-177.881775	Glycine
6m0j	A	PRO	-63.185119	139.636133	Proline
6m0j	A	LEU	-53.232506	-35.781411	General
6m0j	A	HIS	-68.426396	-8.259212	General
6m0j	A	LYS	-95.527857	2.701902	General
6m0j	A	CYS	-76.826727	140.256638	General
6m0j	A	ASP	-126.979443	116.651297	General
6m0j	A	ILE	-79.258914	0.807749	General
6m0j	A	SER	-47.230565	142.665640	General
6m0j	A	ASN	70.655124	8.569181	General
6m0j	A	SER	-104.702797	95.772500	General
6m0j	A	THR	-66.085040	-21.958273	General
6m0j	A	GLU	-67.615102	-39.182585	General
6m0j	A	ALA	-65.687141	-47.265086	General
6m0j	A	GLY	-57.658925	-41.194936	Glycine
6m0j	A	GLN	-64.644419	-45.320417	General
6m0j	A	LYS	-61.936457	-42.799597	General
6m0j	A	LEU	-62.431621	-45.684427	General
6m0j	A	PHE	-61.581782	-32.634239	General
6m0j	A	ASN	-60.699632	-29.538578	General
6m0j	A	MET	-86.806870	-39.306932	General
6m0j	A	LEU	-56.581094	-48.069453	General
6m0j	A	ARG	-63.909354	-11.557355	General
6m0j	A	LEU	-71.348421	-30.641899	General
6m0j	A	GLY	57.325574	-132.641984	Glycine
6m0j	A	LYS	-112.882242	35.013766	General
6m0j	A	SER	-80.222746	-21.684838	General
6m0j	A	GLU	-112.460573	158.201618	Pre-Pro
6m0j	A	PRO	-54.062280	142.787505	Proline
6m0j	A	TRP	-62.576644	-30.957772	General
6m0j	A	THR	-59.351988	-41.874820	General
6m0j	A	LEU	-70.158906	-45.929059	General
6m0j	A	ALA	-53.831684	-44.291340	General
6m0j	A	LEU	-59.101749	-48.250446	General
6m0j	A	GLU	-60.370307	-33.458421	General
6m0j	A	ASN	-52.941125	-36.559771	General
6m0j	A	VAL	-90.346310	-39.879860	General
6m0j	A	VAL	-122.158401	0.567819	General
6m0j	A	GLY	75.071434	-5.587714	Glycine
6m0j	A	ALA	-117.186833	162.613810	General
6m0j	A	LYS	-104.650224	0.860926	General
6m0j	A	ASN	-136.660063	164.333296	General
6m0j	A	MET	-54.652608	139.167673	General
6m0j	A	ASN	-142.683617	130.931791	General
6m0j	A	VAL	-82.478238	-21.050671	General
6m0j	A	ARG	-51.277435	-41.901040	Pre-Pro
6m0j	A	PRO	-66.244775	-37.336705	Proline
6m0j	A	LEU	-58.293751	-50.019754	General
6m0j	A	LEU	-62.385503	-36.154908	General
6m0j	A	ASN	-62.049157	-43.516373	General
6m0j	A	TYR	-58.698300	-40.641185	General
6m0j	A	PHE	-95.538398	5.523732	General
6m0j	A	GLU	-57.231017	-46.112621	Pre-Pro
6m0j	A	PRO	-57.226444	-34.258805	Proline
6m0j	A	LEU	-74.955723	-38.839076	General
6m0j	A	PHE	-53.959930	-51.421534	General
6m0j	A	THR	-67.704198	-33.294631	General
6m0j	A	TRP	-68.912192	-42.868108	General
6m0j	A	LEU	-58.534615	-46.727088	General
6m0j	A	LYS	-58.008518	-39.553766	General
6m0j	A	ASP	-69.587008	-46.625291	General
6m0j	A	GLN	-53.534214	-42.608878	General
6m0j	A	ASN	-79.851624	8.916844	General
6m0j	A	LYS	-65.219881	-27.988663	General
6m0j	A	ASN	-99.851915	24.569004	General
6m0j	A	SER	-127.285629	157.503307	General
6m0j	A	PHE	-73.472357	135.292811	General
6m0j	A	VAL	-114.109916	122.442782	General
6m0j	A	GLY	109.177181	178.937945	Glycine
6m0j	A	TRP	-142.938898	143.091688	General
6m0j	A	SER	-90.445053	144.322209	General
6m0j	A	THR	-95.222546	-5.628606	General
6m0j	A	ASP	-88.369029	-25.101391	General
6m0j	A	TRP	-61.732297	146.696437	General
6m0j	A	SER	-150.835820	159.909966	Pre-Pro
6m0j	A	PRO	-65.600978	-25.317414	Proline
6m0j	A	TYR	-101.462731	-1.995626	General
6m0j	A	ALA	-100.444492	112.640894	General
6m0j	E	ASN	-101.304590	158.637335	General
6m0j	E	LEU	-82.984297	133.413501	General
6m0j	E	CYS	-62.511238	130.433033	Pre-Pro
6m0j	E	PRO	-76.335047	66.295424	Proline
6m0j	E	PHE	-76.450447	-31.744206	General
6m0j	E	GLY	-55.961914	-35.533654	Glycine
6m0j	E	GLU	-77.706650	-17.479976	General
6m0j	E	VAL	-85.747455	-46.129826	General
6m0j	E	PHE	-77.031421	-34.771163	General
6m0j	E	ASN	-105.432432	20.040791	General
6m0j	E	ALA	-56.150755	142.882659	General
6m0j	E	THR	-66.225017	-32.735549	General
6m0j	E	ARG	-138.730086	133.329163	General
6m0j	E	PHE	-96.401025	166.372010	General
6m0j	E	ALA	-77.394859	154.937278	General
6m0j	E	SER	-65.234412	146.513831	General
6m0j	E	VAL	-66.047142	-31.710338	General
6m0j	E	TYR	-66.628132	-25.028771	General
6m0j	E	ALA	-117.707076	51.190921	General
6m0j	E	TRP	-57.081027	137.646606	General
6m0j	E	ASN	-83.047685	142.183451	General
6m0j	E	ARG	-124.847249	129.115656	General
6m0j	E	LYS	-117.376232	124.272263	General
6m0j	E	ARG	-79.832011	129.552475	General
6m0j	E	ILE	-105.587462	127.039526	General
6m0j	E	SER	-154.152207	155.247729	General
6m0j	E	ASN	49.300308	64.176281	General
6m0j	E	CYS	-167.688288	169.127514	General
6m0j	E	VAL	-111.746573	127.157881	General
6m0j	E	ALA	-117.000172	123.488954	General
6m0j	E	ASP	-98.564390	85.908902	General
6m0j	E	TYR	-68.882808	-11.739674	General
6m0j	E	SER	-95.186884	-3.337504	General
6m0j	E	VAL	-82.747677	-30.231628	General
6m0j	E	LEU	-67.140729	-51.313764	General
6m0j	E	TYR	-60.292536	-49.639587	General
6m0j	E	ASN	-80.728968	22.472826	General
6m0j	E	SER	-75.536151	-30.366283	General
6m0j	E	ALA	58.770409	34.479106	General
6m0j	E	SER	-123.433627	4.394115	General
6m0j	E	PHE	-108.492271	137.457504	General
6m0j	E	SER	-84.684361	-16.285354	General
6m0j	E	THR	-138.968980	131.843602	General
6m0j	E	PHE	-155.200866	79.348952	General
6m0j	E	LYS	-117.571703	109.761563	General
6m0j	E	CYS	-88.618486	150.556920	General
6m0j	E	TYR	-124.105925	102.328850	General
6m0j	E	GLY	129.827374	-42.206197	Glycine
6m0j	E	VAL	-163.677180	151.536021	General
6m0j	E	SER	-70.797746	143.841409	Pre-Pro
6m0j	E	PRO	-54.886278	-48.337961	Proline
6m0j	E	THR	-49.256322	-35.575645	General
6m0j	E	LYS	-92.048144	-31.738881	General
6m0j	E	LEU	-77.246535	-17.225150	General
6m0j	E	ASN	-58.946174	-16.736034	General
6m0j	E	ASP	-105.130193	61.026054	General
6m0j	E	LEU	-158.206051	164.881212	General
6m0j	E	CYS	-137.736518	140.449635	General
6m0j	E	PHE	-130.769564	157.844070	General
6m0j	E	THR	-71.211078	-48.448720	General
6m0j	E	ASN	-136.894665	141.981818	General
6m0j	E	VAL	-116.485677	135.901472	General
6m0j	E	TYR	-112.894061	143.406926	General
6m0j	E	ALA	-129.145074	97.709536	General
6m0j	E	ASP	-87.958678	137.284780	General
6m0j	E	SER	-140.065815	149.722405	General
6m0j	E	PHE	-173.541062	176.144037	General
6m0j	E	VAL	-122.780327	137.947585	General
6m0j	E	ILE	-141.927014	176.151160	General
6m0j	E	ARG	-69.369103	148.181413	General
6m0j	E	GLY	-49.406646	-48.441279	Glycine
6m0j	E	ASP	-60.104349	-12.181812	General
6m0j	E	GLU	-105.774655	-8.130688	General
6m0j	E	VAL	-57.127467	-30.173648	General
6m0j	E	ARG	-65.523463	-15.422787	General
6m0j	E	GLN	-83.106089	-10.104106	General
6m0j	E	ILE	-87.022670	70.696270	General
6m0j	E	ALA	-164.805728	154.498479	Pre-Pro
6m0j	E	PRO	-67.723086	141.137758	Proline
6m0j	E	GLY	72.327574	29.381656	Glycine
6m0j	E	GLN	-104.345658	155.155259	General
6m0j	E	THR	-122.822382	176.641267	General
6m0j	E	GLY	120.622503	170.069791	Glycine
6m0j	E	LYS	-57.154593	-41.971070	General
6m0j	E	ILE	-69.260880	-55.376128	General
6m0j	E	ALA	-61.570675	-35.571743	General
6m0j	E	ASP	-81.740747	-39.747891	General
6m0j	E	TYR	-117.980652	-5.224533	General
6m0j	E	ASN	-126.942748	-56.948020	General
6m0j	E	TYR	-147.751696	117.376624	General
6m0j	E	LYS	-119.875200	119.923315	General
6m0j	E	LEU	-88.031754	139.314038	Pre-Pro
6m0j	E	PRO	-72.939446	166.187756	Proline
6m0j	E	ASP	-61.932139	-53.458437	General
6m0j	E	ASP	-81.871895	45.458678	General
6m0j	E	PHE	-72.070559	133.704476	General
6m0j	E	THR	-117.314653	6.829207	General
6m0j	E	GLY	-96.007968	-155.980012	Glycine
6m0j	E	CYS	-121.312160	150.237241	General
6m0j	E	VAL	-118.841728	118.105677	General
6m0j	E	ILE	-116.338820	142.665683	General
6m0j	E	ALA	-152.934169	155.772050	General
6m0j	E	TRP	-154.707858	159.779297	General
6m0j	E	ASN	-79.056582	128.150909	General
6m0j	E	SER	-121.417420	27.630960	General
6m0j	E	ASN	-53.635479	-32.071973	General
6m0j	E	ASN	-70.737935	-23.812553	General
6m0j	E	LEU	-109.681785	-34.755911	General
6m0j	E	ASP	-104.619087	4.429245	General
6m0j	E	SER	-128.059040	161.200696	General
6m0j	E	LYS	-159.250010	159.547509	General
6m0j	E	VAL	-67.480940	144.902803	General
6m0j	E	GLY	78.370506	-20.514896	Glycine
6m0j	E	GLY	115.628368	133.783226	Glycine
6m0j	E	ASN	-101.822015	116.207591	General
6m0j	E	TYR	-106.577351	14.196202	General
6m0j	E	ASN	-62.766461	-33.870975	General
6m0j	E	TYR	-97.084540	132.454572	General
6m0j	E	LEU	-121.736075	163.093432	General
6m0j	E	TYR	-142.311959	158.128423	General
6m0j	E	ARG	-86.510033	125.155759	General
6m0j	E	LEU	-93.062801	-34.458304	General
6m0j	E	PHE	-130.258137	150.733538	General
6m0j	E	ARG	-160.337224	146.051947	General
6m0j	E	LYS	-61.715736	-18.766895	General
6m0j	E	SER	-163.880404	177.750616	General
6m0j	E	ASN	-87.967118	155.423324	General
6m0j	E	LEU	-74.907346	142.930971	General
6m0j	E	LYS	-74.400254	155.335412	Pre-Pro
6m0j	E	PRO	-54.501285	139.998294	Proline
6m0j	E	PHE	56.053545	19.065793	General
6m0j	E	GLU	-79.457549	156.688410	General
6m0j	E	ARG	-133.407154	130.253026	General
6m0j	E	ASP	-119.983112	118.607078	General
6m0j	E	ILE	-115.201711	13.114446	General
6m0j	E	SER	-62.380036	155.904107	General
6m0j	E	THR	-124.674272	32.709886	General
6m0j	E	GLU	-74.904366	135.803085	General
6m0j	E	ILE	-61.530492	133.203651	General
6m0j	E	TYR	-81.687913	120.993164	General
6m0j	E	GLN	-89.587523	100.107685	General
6m0j	E	ALA	-84.842389	-23.280145	General
6m0j	E	GLY	-105.544399	-157.362225	Glycine
6m0j	E	SER	-95.070086	-28.237725	General
6m0j	E	THR	-72.269817	131.064388	Pre-Pro
6m0j	E	PRO	-61.914242	164.759652	Proline
6m0j	E	CYS	-98.921054	-25.445417	General
6m0j	E	ASN	53.094483	40.627713	General
6m0j	E	GLY	64.548191	22.359312	Glycine
6m0j	E	VAL	-137.883461	158.034210	General
6m0j	E	GLU	-78.173704	138.786891	General
6m0j	E	GLY	-167.313950	-161.268419	Glycine
6m0j	E	PHE	-53.274152	123.703550	General
6m0j	E	ASN	62.064836	21.840526	General
6m0j	E	CYS	-135.829864	102.205329	General
6m0j	E	TYR	-117.111483	136.273052	General
6m0j	E	PHE	-55.459935	127.361412	Pre-Pro
6m0j	E	PRO	-81.907326	-5.103908	Proline
6m0j	E	LEU	-115.252562	122.924062	General
6m0j	E	GLN	-107.886180	151.197147	General
6m0j	E	SER	-89.428075	138.077180	General
6m0j	E	TYR	-69.866813	150.093469	General
6m0j	E	GLY	-119.663313	95.457151	Glycine
6m0j	E	PHE	-92.818939	106.680232	General
6m0j	E	GLN	-103.545766	144.492882	Pre-Pro
6m0j	E	PRO	-61.407609	-19.543850	Proline
6m0j	E	THR	-89.488232	0.753777	General
6m0j	E	ASN	-61.162077	159.083657	General
6m0j	E	GLY	-70.729999	164.403660	Glycine
6m0j	E	VAL	-57.644992	-34.542248	General
6m0j	E	GLY	-64.879684	-19.564619	Glycine
6m0j	E	TYR	-109.311243	-3.446664	General
6m0j	E	GLN	-78.388072	155.718980	Pre-Pro
6m0j	E	PRO	-75.655248	142.879175	Proline
6m0j	E	TYR	-128.041730	123.972837	General
6m0j	E	ARG	-77.279754	135.871387	General
6m0j	E	VAL	-127.426833	130.764347	General
6m0j	E	VAL	-120.447332	127.979753	General
6m0j	E	VAL	-111.691019	126.992167	General
6m0j	E	LEU	-106.518613	116.259879	General
6m0j	E	SER	-101.825648	132.569425	General
6m0j	E	PHE	-112.713909	126.910262	General
6m0j	E	GLU	-125.423823	148.706148	General
6m0j	E	LEU	-122.305880	134.277172	General
6m0j	E	LEU	-137.537583	-160.489544	General
6m0j	E	HIS	-89.874939	-14.912067	General
6m0j	E	ALA	-82.571884	159.662839	Pre-Pro
6m0j	E	PRO	-60.086291	150.437428	Proline
6m0j	E	ALA	-84.065212	100.970489	General
6m0j	E	THR	-90.262678	1.884642	General
6m0j	E	VAL	-123.851108	119.818088	General
6m0j	E	CYS	-138.829957	-175.275346	General
